Gryffindor,Hufflepuff,Ravenclaw,Slytherin,Mean,Std
-0.13270739231324466,-0.07723638137537234,-0.11480145000342636,-0.14596581499686018,,
-0.06375097344209484,-0.1036449265942309,0.09269168493906925,0.07476340905249361,-0.5575452616653115,5.178953400640137
-0.07830098063878205,-0.007631018318870468,0.1276845244333899,-0.04165433406856253,-243.75053420642624,8.718582150439774
-0.08714945606599674,0.09426873602732809,0.06430504787805108,-0.07134086664028966,0.9740944682957365,5.261204499641635
0.03680317086805965,0.05324787531197435,0.03884856206092269,-0.12888805963318178,3.113002921129502,4.163231576279715
-0.03800279852010917,-0.06672416874704977,0.1356459961626889,-0.030840952936883482,-244.49405416561387,482.84578923071285
