Gryffindor,Hufflepuff,Ravenclaw,Slytherin,Mean,Std
-0.06948997458180349,-0.04332181344719725,-0.05219732139675011,-0.0776182434633101,,
0.04127973559544338,0.06524159836685417,-0.06311672746524048,-0.04343290525893851,43.84858834146077,518.5698142650541
-0.05402653001600848,0.05497004454496277,0.04798593504489049,-0.04891202682134872,1.0639685192616735,5.290958154902081
-0.04127973559544334,-0.06524159836685413,0.06311672746524044,0.04343290525893851,-0.43848588341460676,5.185698142650544
0.020953709460979717,0.032762865736565165,0.028496392826743742,-0.08220985175865968,3.2241329842931923,4.170273038898579
-0.026699282155673732,-0.04360709825132013,0.09241582932881505,-0.02207455001447342,-214.56561794612415,484.9250352197895
0.04731634697765089,-0.07041349697734785,0.06136938848669818,-0.03825589091120778,498.3279098695177,106.8676354216543
-0.08481033171385637,0.037918055773809384,0.02726486635679712,0.019644921472920126,2.970410135418766,4.4841988129839905
-0.04945147699013058,-0.0076531396277361744,0.08792026256087748,-0.030782953437370975,-243.34401366492136,8.945336499699097
