Gryffindor,Hufflepuff,Ravenclaw,Slytherin,Mean,Std
-1.1679683120549433,-0.7038081256766915,-0.8817716081120808,-1.308888349850989,,
0.10216840304378626,0.17357655158749144,-0.15132879698630491,-0.12364170803694231,43.84858834146077,518.5698142650541
-0.15079555165245037,0.16685155073973126,0.11396337358864542,-0.13705431305400637,1.0639685192616735,5.290958154902081
-0.10216840304378617,-0.17357655158749133,0.1513287969863049,0.12364170803694226,-0.43848588341460676,5.185698142650544
0.06071917108512906,0.08997940980528055,0.07412758460558845,-0.23291420283685724,3.2241329842931923,4.170273038898579
-0.059117422594353965,-0.11579962520455184,0.22770712771148438,-0.061867040807194504,-214.56561794612415,484.9250352197895
0.14578965296216098,-0.20457872636407562,0.1589494111841324,-0.10808085932713266,498.3279098695177,106.8676354216543
-0.23594744839340365,0.12109551994213222,0.05712645684303982,0.05717218340279252,2.970410135418766,4.4841988129839905
-0.12615737238066885,-0.010187467195108674,0.21314681108288522,-0.08539136788262226,-243.34401366492136,8.945336499699097
