Gryffindor,Hufflepuff,Ravenclaw,Slytherin,Mean,Std
-0.13477254494283722,-0.08403843937585341,-0.10108702626302273,-0.15051445870770633,,
0.07363645673443203,0.12035133553761845,-0.11320512550952228,-0.0810998336406765,43.84858834146077,518.5698142650541
-0.10018106089744448,0.10547365871378438,0.08582677071660258,-0.09092963863544062,1.0639685192616735,5.290958154902081
-0.07363645673443195,-0.12035133553761841,0.1132051255095222,0.08109983364067647,-0.43848588341460676,5.185698142650544
0.03951829036910192,0.06112130876709867,0.0526413669281702,-0.1532524655145165,3.2241329842931923,4.170273038898579
-0.04596812651317724,-0.08008126301970027,0.1673719089009626,-0.040934410179063886,-214.56561794612415,484.9250352197895
0.09135955753016432,-0.13307696560600535,0.11313183538071352,-0.07123465112597394,498.3279098695177,106.8676354216543
-0.15759317538274925,0.07403357433576514,0.046825223140160695,0.036930809519989914,2.970410135418766,4.4841988129839905
-0.08903270080306364,-0.01190897331062086,0.15833242606645112,-0.057030048792017604,-243.34401366492136,8.945336499699097
